4, 0.112815, 501, 304
0 0 0 0 0 0 0 0 0 0 0 0 0 0 0 0 0 0 0 0 0 0 0 0 0 0 0 0 0 0 0 0 0 5.96046e-08 5.96046e-08 2.38419e-07 2.98023e-07 3.57628e-07 1.3113e-06 5.30481e-06 7.56979e-06 1.07884e-05 1.09076e-05 1.37686e-05 1.44243e-05 1.8537e-05 1.96695e-05 2.67029e-05 4.72068e-05 4.96507e-05 5.99623e-05 7.27773e-05 7.27773e-05 0.000109792 0.000163073 0.000186026 0.000213921 0.000218748 0.000258257 0.000272989 0.000364867 0.000378548 0.000399113 0.000430199 0.000445925 0.000474949 0.000542402 0.000832438 0.000885665 0.000885665 0.00096053 0.00106549 0.0010711 0.00146228 0.00159742 0.00161084 0.00168933 0.00168933 0.00193864 0.00197488 0.00216423 0.00217216 0.00269991 0.00324995 0.00405924 0.00406545 0.00447107 0.00461292 0.00463699 0.00466502 0.00511944 0.00517136 0.00577074 0.00590038 0.00590038 0.00590038 0.00599849 0.00599849 0.00659752 0.00765949 0.00790636 0.00825151 0.00832479 0.00866354 0.00866354 0.00866609 0.00982773 0.00996496 0.0108219 0.0119474 0.011986 0.0129538 0.0142462 0.0142478 0.0155372 0.0170347 0.0196604 0.0207601 0.0219476 0.0220454 0.0224231 0.0233676 0.0242615 0.0245669 0.0247298 0.0251856 0.0259222 0.0260424 0.0261306 0.0265709 0.0266279 0.0270603 0.0276415 0.0284794 0.0286896 0.0293966 0.0295018 0.0295426 0.032176 0.0353395 0.037028 0.0372563 0.0407353 0.0412906 0.0462853 0.046676 0.0489005 0.0489005 0.0489005 0.0532144 0.0550673 0.0550673 0.0550675 0.0577768 0.0587258 0.0614684 0.0629531 0.0655634 0.0665316 0.0684359 0.0700766 0.0730031 0.0747543 0.0751557 0.0797661 0.0815095 0.083322 0.0833471 0.090692 0.0938244 0.0951661 0.107342 0.1102 0.111152 0.119426 0.123954 0.124479 0.13724 0.137897 0.138318 0.138361 0.142537 0.14261 0.144188 0.146198 0.150073 0.156733 0.157463 0.160052 0.161428 0.163043 0.163555 0.165264 0.169187 0.170121 0.170492 0.170806 0.172202 0.173946 0.174415 0.175591 0.175922 0.17665 0.180098 0.180385 0.183087 0.183912 0.183912 0.184538 0.185004 0.185404 0.185643 0.185943 0.188578 0.189993 0.190203 0.190529 0.191658 0.197164 0.197187 0.197195 0.197434 0.203883 0.204962 0.204963 0.208064 0.208238 0.215483 0.223409 0.225566 0.230619 0.231514 0.235956 0.236041 0.241067 0.241135 0.242433 0.242436 0.242815 0.243459 0.24772 0.25749 0.257505 0.257768 0.257768 0.259071 0.261971 0.26288 0.267383 0.272892 0.273126 0.274553 0.277442 0.280293 0.280471 0.283328 0.284107 0.287204 0.293668 0.305172 0.308605 0.309937 0.310339 0.315831 0.316427 0.317919 0.321521 0.323216 0.323216 0.32609 0.326211 0.329574 0.334751 0.340103 0.345717 0.351697 0.353234 0.356314 0.361201 0.366095 0.367304 0.376115 0.380744 0.386796 0.390269 0.390763 0.391287 0.4001 0.400885 0.410183 0.41655 0.419734 0.420768 0.426559 0.427286 0.430782 0.436101 0.436107 0.440439 0.441858 0.449184 0.453851 0.45751 0.45968 0.460074 0.460292 0.468388 0.47193 0.473499 0.475421 0.482372 0.485799 0.487606 0.488499 0.49363 0.493733 0.494407 0.494708 0.500074 0.501311 0.508765 0.510824 0.516238 0.516496 0.517883 0.519174 0.529463 0.530444 0.539518 0.557788 0.563155 0.564748 0.565547 0.568194 0.580366 0.581181 0.58297 0.585423 0.58605 0.586559 0.587354 0.587385 0.58786 0.589752 0.592036 0.598944 0.603852 0.607812 0.610969 0.611912 0.613111 0.616402 0.621743 0.62185 0.622325 0.627542 0.631927 0.632386 0.637648 0.640342 0.643083 0.643231 0.646333 0.652604 0.654344 0.654344 0.654344 0.656556 0.65998 0.663947 0.664744 0.669242 0.676336 0.676928 0.682872 0.684626 0.686479 0.690333 0.696441 0.698198 0.709333 0.715108 0.718091 0.718466 0.723598 0.72534 0.725814 0.732417 0.733986 0.737421 0.739298 0.740762 0.740995 0.742639 0.742822 0.745681 0.748281 0.751149 0.75407 0.764413 0.771334 0.775633 0.775735 0.778152 0.780106 0.780693 0.780723 0.781775 0.784046 0.795761 0.796661 0.803091 0.80698 0.810707 0.82149 0.825052 0.827687 0.829416 0.832014 0.836198 0.839144 0.848026 0.848509 0.851147 0.866283 0.868639 0.87359 0.875705 0.875817 0.875905 0.876045 0.877607 0.877939 0.878481 0.880965 0.881527 0.886368 0.887433 0.887907 0.889706 0.891434 0.891982 0.895402 0.896441 0.8974 0.899722 0.90557 0.906122 0.909754 0.912604 0.914252 0.923067 0.927502 0.928867 0.930638 0.930794 0.933119 0.933245 0.93952 0.939642 0.942717 0.948467 0.950772 0.951419 0.95146 0.959345 0.960115 0.960821 0.961258 0.961534 0.963655 0.965683 0.967548 0.972847 0.975045 0.976069 0.97739 0.978843 0.979345 0.984664 0.984676 0.984819 0.987706 0.990124 0.990912 0.99123 0.993607 0.994998 0.996786 0.996976 0.997371 0.99743 0.998379 0.99972 0.999771 0.999965 0.999998 0.999998 1 1 
5, 0.112646, 501, 300
0 0 0 0 0 0 0 0 0 0 0 0 0 0 0 0 0 0 0 0 0 0 0 0 0 0 0 0 0 0 0 0 0 5.96046e-08 5.96046e-08 1.78814e-07 2.98023e-07 2.98023e-07 1.3113e-06 4.64916e-06 6.25849e-06 1.04904e-05 1.21593e-05 1.2815e-05 1.60336e-05 1.77026e-05 1.95503e-05 2.50936e-05 3.8147e-05 4.72068e-05 5.74589e-05 6.06179e-05 6.06179e-05 9.9659e-05 0.000155682 0.000178993 0.000216007 0.00022 0.000252179 0.000270128 0.000367132 0.000374555 0.000411451 0.000423643 0.000439252 0.000524833 0.000548002 0.00082767 0.000950754 0.000950754 0.000960411 0.00106889 0.00112361 0.00145036 0.00157842 0.00161072 0.0018942 0.0018942 0.00192833 0.0019747 0.00217121 0.00217208 0.00269991 0.00324858 0.00399053 0.00404948 0.00454524 0.00459349 0.00461946 0.00464845 0.0051192 0.00513577 0.00593692 0.00593692 0.0062198 0.00651205 0.00651205 0.00651205 0.0065285 0.00765949 0.00784042 0.0082382 0.00832555 0.00858034 0.00863713 0.00863713 0.00979549 0.0101525 0.0107827 0.0118398 0.0119492 0.0128752 0.0141333 0.0141349 0.0155301 0.0170283 0.0196003 0.0202698 0.0219476 0.0220952 0.0232979 0.0234203 0.0241795 0.0245425 0.0247286 0.0251824 0.0259222 0.0260273 0.0261326 0.0265699 0.0270568 0.0279245 0.0279381 0.0284408 0.0286878 0.0287482 0.0297479 0.0297769 0.0321569 0.0354377 0.0370062 0.0377206 0.0408839 0.0412897 0.04623 0.0465543 0.0487731 0.0487731 0.0487731 0.0530801 0.0549165 0.0549165 0.0549166 0.0576143 0.0585756 0.0613027 0.0628844 0.0653994 0.065549 0.0673783 0.0700465 0.072767 0.0751056 0.0752494 0.0797834 0.081591 0.0829751 0.0831719 0.0905541 0.0940685 0.0961757 0.106415 0.110197 0.111862 0.118711 0.12393 0.125385 0.136532 0.136709 0.138306 0.138361 0.142528 0.144182 0.145637 0.146796 0.15007 0.156706 0.157427 0.160018 0.161402 0.161991 0.163154 0.165196 0.169174 0.170248 0.170462 0.17083 0.172301 0.173866 0.174509 0.175898 0.17602 0.176511 0.179944 0.180238 0.183322 0.183753 0.183753 0.184425 0.184959 0.185371 0.185487 0.185803 0.189946 0.190007 0.19001 0.190499 0.19165 0.196375 0.196674 0.197259 0.197515 0.203876 0.204962 0.204963 0.207724 0.208214 0.215435 0.223355 0.225948 0.231164 0.231494 0.235759 0.236094 0.240862 0.240945 0.241636 0.242547 0.242877 0.24339 0.247652 0.25717 0.257445 0.257445 0.257483 0.259053 0.261803 0.262731 0.267333 0.272854 0.273102 0.274523 0.277417 0.280249 0.280407 0.281414 0.283763 0.287032 0.293282 0.304431 0.308608 0.309891 0.309909 0.311902 0.316349 0.317894 0.320693 0.323216 0.323216 0.325921 0.326016 0.329061 0.333788 0.340058 0.345595 0.351628 0.353207 0.356481 0.361186 0.365866 0.367216 0.376051 0.378771 0.38678 0.390265 0.390721 0.391245 0.400084 0.400669 0.409869 0.416423 0.419714 0.420754 0.426359 0.427156 0.430536 0.435819 0.435824 0.44016 0.441791 0.447465 0.453702 0.457316 0.459563 0.460413 0.460718 0.468011 0.471487 0.473205 0.47499 0.482366 0.485744 0.487115 0.490026 0.493646 0.494329 0.494645 0.4968 0.500034 0.501311 0.508676 0.51073 0.516142 0.516457 0.517554 0.519148 0.529444 0.53037 0.539502 0.557671 0.563117 0.564438 0.565473 0.568141 0.580125 0.580941 0.585264 0.585363 0.585813 0.586322 0.587117 0.587148 0.587624 0.589516 0.591801 0.598788 0.603795 0.607795 0.61086 0.611753 0.612683 0.61628 0.621739 0.621746 0.622142 0.626586 0.631507 0.631881 0.637439 0.640194 0.642627 0.643174 0.64632 0.652497 0.656382 0.656382 0.656383 0.656497 0.658692 0.663496 0.664574 0.669164 0.6762 0.678776 0.682743 0.686458 0.686515 0.689993 0.696409 0.698088 0.709278 0.715082 0.717966 0.718397 0.7241 0.725241 0.725471 0.733907 0.733933 0.7373 0.739259 0.740752 0.740946 0.742942 0.743745 0.74568 0.747667 0.750959 0.754039 0.764364 0.771275 0.775601 0.775698 0.778114 0.780059 0.78089 0.781144 0.781726 0.783997 0.795765 0.796544 0.802845 0.806562 0.810674 0.821467 0.825022 0.825223 0.829356 0.831958 0.836046 0.842316 0.84795 0.848466 0.850519 0.866219 0.868589 0.873406 0.875584 0.875632 0.875744 0.875781 0.877468 0.877904 0.878028 0.880789 0.881455 0.886336 0.887092 0.887869 0.889616 0.891432 0.891862 0.895336 0.896413 0.896544 0.899705 0.905542 0.906095 0.909528 0.912575 0.913981 0.920685 0.923041 0.927475 0.928844 0.930636 0.9307 0.932898 0.933098 0.939541 0.939772 0.942705 0.948365 0.95075 0.951348 0.951377 0.959179 0.960082 0.960738 0.961479 0.961673 0.963637 0.965454 0.967532 0.972906 0.975017 0.976056 0.97711 0.979338 0.984827 0.984994 0.987695 0.988013 0.990121 0.990888 0.991208 0.993605 0.994981 0.996776 0.996954 0.997364 0.997412 0.998395 0.999719 0.99977 0.999965 0.999998 0.999998 1 1 
5, 0.112739, 500, 301
0 0 0 0 0 0 0 0 0 0 0 0 0 0 0 0 0 0 0 0 0 0 0 0 0 0 0 0 0 0 0 0 0 5.96046e-08 5.96046e-08 1.78814e-07 2.98023e-07 2.98023e-07 1.2517e-06 4.47035e-06 6.19888e-06 1.04308e-05 1.23382e-05 1.23978e-05 1.29342e-05 1.77622e-05 1.93119e-05 2.2769e-05 4.58956e-05 4.69684e-05 5.10216e-05 6.1214e-05 6.1214e-05 9.53674e-05 0.000156159 0.000168443 0.000198483 0.000202417 0.000240318 0.000270307 0.000340136 0.000375747 0.000389906 0.00039345 0.000417923 0.000455699 0.000522855 0.000819981 0.000819981 0.000828803 0.000960352 0.000984192 0.00105006 0.00143915 0.00159565 0.00159565 0.00160754 0.00160935 0.00192362 0.0019747 0.00207791 0.00217127 0.00269991 0.00324757 0.00396405 0.00404388 0.00430528 0.00459945 0.00462447 0.00465441 0.0051192 0.00514084 0.00567597 0.00576067 0.00576067 0.00576067 0.00595886 0.00595886 0.00653446 0.00754287 0.00765949 0.00787437 0.00830764 0.00860925 0.00864542 0.00864542 0.00980526 0.00982633 0.0107921 0.01186 0.0119678 0.0128796 0.0142015 0.0142037 0.0155295 0.0170269 0.0189739 0.0203201 0.021841 0.0219476 0.0220537 0.0233152 0.024132 0.0245517 0.0247283 0.0251814 0.0253771 0.0259222 0.0260301 0.0261155 0.0265835 0.0270573 0.0275668 0.0284591 0.0286873 0.0289115 0.0292761 0.0301447 0.0321426 0.0352746 0.0364417 0.0368495 0.0404518 0.0412737 0.0462512 0.0465878 0.0487618 0.0487618 0.0487618 0.0530729 0.0548832 0.0548832 0.0548834 0.0575636 0.0585425 0.0612589 0.0628645 0.0655454 0.0661262 0.0674864 0.070033 0.0727783 0.0744176 0.0749906 0.0795644 0.0812054 0.0830029 0.0831385 0.090572 0.095009 0.0958657 0.106459 0.109891 0.111392 0.118736 0.123933 0.125625 0.136787 0.13681 0.138307 0.138361 0.142522 0.143848 0.144182 0.146003 0.148887 0.156711 0.157391 0.160003 0.161392 0.161887 0.162851 0.165164 0.169167 0.170085 0.170457 0.170495 0.172039 0.173848 0.174261 0.175754 0.175788 0.176091 0.17984 0.180102 0.182775 0.183639 0.183639 0.184265 0.184967 0.185341 0.185372 0.185762 0.189842 0.189925 0.190104 0.190485 0.19165 0.196337 0.196709 0.196821 0.196849 0.203877 0.204962 0.204963 0.207268 0.208147 0.215445 0.223367 0.225326 0.230505 0.231467 0.235608 0.23607 0.240723 0.24079 0.241489 0.242467 0.24339 0.243923 0.247665 0.256749 0.257017 0.257017 0.257486 0.258983 0.261568 0.26276 0.267308 0.27286 0.273092 0.274524 0.27743 0.280244 0.280411 0.281643 0.283731 0.286991 0.293308 0.304588 0.308586 0.308927 0.309902 0.312861 0.316361 0.317899 0.320406 0.323216 0.323216 0.326002 0.326015 0.328978 0.333363 0.340066 0.345618 0.35164 0.353201 0.357331 0.361183 0.365765 0.367207 0.375962 0.378952 0.386772 0.390204 0.390728 0.39121 0.400082 0.40067 0.409848 0.416447 0.419703 0.420757 0.426426 0.427128 0.429932 0.435777 0.435782 0.440089 0.441802 0.447879 0.453676 0.457355 0.457784 0.459559 0.459821 0.468077 0.471585 0.473267 0.47491 0.482363 0.485754 0.48706 0.487811 0.493631 0.494232 0.494642 0.497105 0.50001 0.501311 0.508662 0.510737 0.516114 0.516454 0.5175 0.519246 0.529444 0.53034 0.539505 0.557477 0.563126 0.56451 0.565486 0.568141 0.579994 0.58081 0.58508 0.585373 0.585683 0.586193 0.586988 0.587019 0.587495 0.589388 0.591674 0.598754 0.603804 0.607734 0.610884 0.611287 0.611474 0.616316 0.621589 0.621653 0.62211 0.626828 0.630278 0.631836 0.637455 0.640041 0.642492 0.643183 0.646322 0.65252 0.654344 0.654344 0.654344 0.656445 0.658605 0.66245 0.664471 0.669171 0.6762 0.676861 0.682562 0.6846 0.686435 0.690075 0.696414 0.697936 0.709287 0.715085 0.717804 0.718396 0.723558 0.724623 0.725104 0.733264 0.733921 0.737145 0.739264 0.740736 0.740954 0.742665 0.743742 0.74568 0.746949 0.750953 0.754043 0.764372 0.771273 0.775605 0.775703 0.778115 0.780067 0.780496 0.780824 0.781735 0.784031 0.79573 0.796468 0.802206 0.80652 0.810679 0.821471 0.822574 0.825027 0.829366 0.831968 0.835997 0.842664 0.847955 0.848474 0.850677 0.86615 0.868598 0.873203 0.875575 0.875687 0.875694 0.875807 0.877498 0.877836 0.878136 0.88059 0.881333 0.886341 0.886563 0.887875 0.889635 0.891432 0.891887 0.895289 0.89637 0.896715 0.899617 0.905546 0.9061 0.90961 0.91258 0.914036 0.923045 0.92748 0.928847 0.930637 0.930661 0.932959 0.933101 0.939218 0.939648 0.942706 0.948321 0.950754 0.951271 0.951293 0.958713 0.96009 0.9606 0.961231 0.961492 0.96364 0.965483 0.967528 0.972448 0.975022 0.97588 0.976916 0.978756 0.979333 0.984362 0.984583 0.984649 0.987696 0.990046 0.990883 0.991211 0.993451 0.994956 0.996756 0.996917 0.997287 0.997396 0.998345 0.999716 0.999766 0.999965 0.999997 0.999998 1 1 
4, 0.112805, 503, 302
0 0 0 0 0 0 0 0 0 0 0 0 0 0 0 0 0 0 0 0 0 0 0 0 0 0 0 0 0 0 0 0 0 5.96046e-08 5.96046e-08 1.78814e-07 2.98023e-07 3.57628e-07 1.3113e-06 5.48363e-06 6.61612e-06 9.71556e-06 1.09076e-05 1.19805e-05 1.38878e-05 1.88351e-05 1.96695e-05 2.72393e-05 4.72068e-05 5.03659e-05 5.94258e-05 5.94258e-05 6.06179e-05 0.000112176 0.000164801 0.00018847 0.000212967 0.000216722 0.000256231 0.000273764 0.000363437 0.0003798 0.000395358 0.000431868 0.000446223 0.000460645 0.000540734 0.000833929 0.000864148 0.000864148 0.00096059 0.0010457 0.00107217 0.00146472 0.00160385 0.00161084 0.0016259 0.0016259 0.00194263 0.00197494 0.00216036 0.00217127 0.00269991 0.00325031 0.00403627 0.00406843 0.00444248 0.004619 0.00464235 0.0046702 0.00511944 0.00518268 0.00563502 0.00571465 0.00571465 0.00571465 0.00601989 0.00601989 0.00661939 0.00765949 0.00787849 0.00825268 0.00832415 0.00867182 0.00867182 0.00869509 0.00983781 0.00991544 0.0108341 0.0119814 0.0119982 0.0129773 0.0142735 0.014275 0.015535 0.0170363 0.0196817 0.0209235 0.0219476 0.0220348 0.022091 0.0233904 0.0242838 0.024575 0.0247301 0.0251864 0.0259222 0.0260471 0.0261296 0.0262009 0.0266456 0.0270588 0.0275487 0.0284922 0.02869 0.0292759 0.0294677 0.0295298 0.032182 0.0353116 0.03705 0.0371419 0.0406649 0.0412907 0.0463032 0.046714 0.0489351 0.0489351 0.0489351 0.0532509 0.0551082 0.0551082 0.0551083 0.0578205 0.0587666 0.0615137 0.0629769 0.0655675 0.0669049 0.0687872 0.0700844 0.0730755 0.074608 0.0751687 0.0797547 0.08148 0.0833624 0.0834647 0.090735 0.093804 0.0947967 0.107333 0.110062 0.111002 0.119655 0.12396 0.124187 0.137415 0.138079 0.138322 0.138361 0.141651 0.142539 0.144189 0.146034 0.150095 0.156741 0.157474 0.16006 0.161435 0.163005 0.16377 0.165282 0.16919 0.170051 0.170382 0.170501 0.172169 0.173967 0.174353 0.175182 0.175889 0.176889 0.180148 0.180434 0.183014 0.183957 0.183957 0.184569 0.185018 0.185412 0.185687 0.185981 0.188015 0.190006 0.190262 0.190536 0.191661 0.197086 0.197183 0.197235 0.197683 0.203885 0.204962 0.204963 0.208159 0.208244 0.215498 0.223426 0.22545 0.230461 0.23152 0.236014 0.236025 0.241129 0.241192 0.242316 0.242684 0.242894 0.243478 0.247741 0.257511 0.25758 0.257859 0.257859 0.259077 0.26202 0.262926 0.267391 0.272903 0.273133 0.274562 0.27745 0.280306 0.280491 0.283962 0.2842 0.287255 0.2938 0.305255 0.308603 0.309944 0.31046 0.31645 0.317112 0.317927 0.321769 0.323216 0.323216 0.326113 0.32631 0.329589 0.335034 0.340117 0.345755 0.351718 0.35324 0.356192 0.361206 0.366164 0.367333 0.376131 0.381426 0.3868 0.390261 0.390777 0.391298 0.400105 0.400943 0.41027 0.41659 0.419739 0.420773 0.426531 0.42732 0.430855 0.436189 0.436194 0.440518 0.441878 0.449757 0.453893 0.457572 0.459714 0.459924 0.460251 0.468516 0.471955 0.473592 0.475443 0.482374 0.485816 0.48774 0.488057 0.492444 0.493757 0.494428 0.494725 0.500085 0.501311 0.508791 0.510852 0.516265 0.516508 0.517871 0.519172 0.529467 0.530466 0.539523 0.557822 0.563168 0.564752 0.565569 0.568211 0.580429 0.581245 0.582225 0.585442 0.586113 0.586622 0.587417 0.587447 0.587923 0.589814 0.592098 0.598992 0.603869 0.607818 0.610235 0.611963 0.613222 0.616445 0.621119 0.621878 0.62238 0.627774 0.632035 0.632547 0.637714 0.640381 0.643213 0.643248 0.646337 0.65195 0.654344 0.654344 0.654344 0.656572 0.660403 0.664064 0.664768 0.669264 0.676372 0.676944 0.682909 0.684635 0.686467 0.690441 0.696451 0.698229 0.709349 0.715115 0.718126 0.718485 0.723436 0.725368 0.725904 0.731909 0.734011 0.737455 0.739309 0.740763 0.741009 0.742557 0.742625 0.745682 0.748474 0.751197 0.754079 0.764427 0.771351 0.775643 0.775746 0.778162 0.78012 0.780544 0.780663 0.78179 0.784046 0.79576 0.796693 0.803156 0.807061 0.810717 0.821497 0.825061 0.828401 0.829435 0.832031 0.836246 0.838191 0.848049 0.848523 0.851355 0.866305 0.868654 0.873641 0.875723 0.875835 0.875945 0.8762 0.877651 0.877952 0.878606 0.881013 0.881548 0.886377 0.88751 0.887918 0.889734 0.891435 0.892018 0.895419 0.896449 0.897684 0.899728 0.905579 0.905945 0.909818 0.912613 0.914341 0.923075 0.92751 0.928874 0.930637 0.930822 0.933125 0.933345 0.939519 0.939606 0.94272 0.948487 0.950778 0.95144 0.951477 0.959388 0.960117 0.960844 0.961271 0.961535 0.963661 0.965746 0.967553 0.972874 0.975053 0.976068 0.977466 0.978848 0.979347 0.984601 0.984678 0.984753 0.98771 0.990122 0.99092 0.991237 0.993605 0.995003 0.996788 0.996983 0.997371 0.997435 0.998372 0.999721 0.999772 0.999965 0.999998 0.999998 1 1 
5, 0.112737, 503, 301
0 0 0 0 0 0 0 0 0 0 0 0 0 0 0 0 0 0 0 0 0 0 0 0 0 0 0 0 0 0 0 0 0 5.96046e-08 5.96046e-08 2.38419e-07 2.98023e-07 2.98023e-07 1.3113e-06 4.41074e-06 6.13928e-06 1.03712e-05 1.28746e-05 1.30534e-05 1.7345e-05 1.83582e-05 1.95503e-05 2.43187e-05 4.52399e-05 4.72068e-05 5.62072e-05 6.84261e-05 6.84261e-05 9.64999e-05 0.00015306 0.000174522 0.000217199 0.000222205 0.000264932 0.000268638 0.000368741 0.000372886 0.000418305 0.000421557 0.000435498 0.000543547 0.000551875 0.000825703 0.000960352 0.000976086 0.000976086 0.00106645 0.00114667 0.00144535 0.00156943 0.00161072 0.001926 0.00197464 0.00198084 0.00198084 0.00217151 0.00217231 0.00269991 0.00324811 0.00402704 0.00404996 0.00458257 0.00458521 0.00461237 0.00464165 0.0051192 0.00512165 0.00591159 0.00591159 0.00639588 0.00650448 0.00671935 0.00671935 0.00671935 0.00765949 0.00787526 0.00819346 0.00832626 0.00854623 0.00862604 0.00862604 0.00978208 0.0102267 0.0107661 0.0117994 0.0119341 0.0128527 0.014091 0.0140925 0.0155349 0.0170261 0.0195676 0.0200636 0.0219476 0.0221077 0.0232686 0.023753 0.0241497 0.0245316 0.0247281 0.0251812 0.0259222 0.0260199 0.0261337 0.0265471 0.0270588 0.0280679 0.0282961 0.0284248 0.028687 0.0293604 0.0298436 0.0298913 0.0321498 0.0354886 0.0368603 0.0378597 0.0409904 0.0412897 0.0462064 0.0465025 0.0487224 0.0487224 0.0487224 0.0530269 0.054858 0.054858 0.0548582 0.0575531 0.0585174 0.0612385 0.0628565 0.0649218 0.0655432 0.0669389 0.0700357 0.0726787 0.074513 0.0750886 0.0797957 0.0816401 0.0828201 0.0831144 0.0904974 0.0940433 0.0966185 0.107257 0.110589 0.112141 0.118409 0.123926 0.125771 0.136467 0.136923 0.1383 0.138361 0.142524 0.144179 0.147025 0.147079 0.150023 0.156694 0.15741 0.160005 0.161391 0.162531 0.163197 0.16517 0.169169 0.170316 0.170448 0.172323 0.172345 0.173834 0.174697 0.17557 0.17607 0.176955 0.17987 0.180165 0.183439 0.183693 0.183693 0.184383 0.184937 0.185359 0.185427 0.185748 0.189919 0.189925 0.190487 0.190798 0.191646 0.196334 0.196813 0.197222 0.19766 0.203873 0.204962 0.204963 0.207581 0.208203 0.215415 0.223333 0.226123 0.231322 0.231487 0.235677 0.236109 0.24077 0.240861 0.241356 0.242426 0.242926 0.243366 0.247621 0.257035 0.257309 0.257309 0.257474 0.259035 0.261737 0.26266 0.267338 0.272836 0.273091 0.274509 0.277407 0.28023 0.280378 0.280554 0.283639 0.286964 0.293115 0.304782 0.30861 0.30973 0.309898 0.310181 0.316315 0.317882 0.320374 0.323216 0.323216 0.325785 0.325981 0.329487 0.333423 0.340037 0.345537 0.351597 0.353196 0.356897 0.361179 0.365765 0.367177 0.376025 0.377874 0.386774 0.390281 0.390702 0.391227 0.400076 0.400596 0.409752 0.416363 0.419706 0.420748 0.426724 0.427105 0.430425 0.435694 0.435699 0.440047 0.44176 0.446684 0.453643 0.457223 0.459515 0.460446 0.460936 0.467846 0.471805 0.473071 0.475301 0.482363 0.485719 0.486938 0.490632 0.493611 0.494299 0.494619 0.498294 0.500017 0.501311 0.508649 0.510688 0.516103 0.516441 0.517916 0.51916 0.529439 0.530338 0.539495 0.557617 0.5631 0.564723 0.565439 0.568121 0.580037 0.580854 0.585335 0.585726 0.586236 0.586303 0.587031 0.587062 0.587538 0.58943 0.591715 0.598715 0.599089 0.603769 0.605998 0.607785 0.611689 0.612542 0.616226 0.621701 0.622069 0.626514 0.631372 0.631677 0.63734 0.640133 0.641988 0.642422 0.643148 0.646314 0.654344 0.654344 0.654344 0.656472 0.658085 0.663351 0.664611 0.669134 0.676159 0.676848 0.682685 0.684587 0.686531 0.68984 0.696394 0.698039 0.709253 0.715071 0.717911 0.718369 0.724389 0.725197 0.725356 0.733869 0.734642 0.737246 0.739242 0.740747 0.740924 0.743011 0.744159 0.74568 0.747431 0.750905 0.754025 0.764343 0.77125 0.775587 0.775681 0.778098 0.780038 0.780946 0.781328 0.781704 0.784046 0.795767 0.796493 0.802761 0.806562 0.810659 0.821457 0.824289 0.825008 0.829328 0.831932 0.83598 0.843606 0.847915 0.848445 0.850228 0.86618 0.868566 0.873334 0.874193 0.874306 0.87537 0.875731 0.877412 0.87788 0.877941 0.880721 0.881422 0.886321 0.886999 0.887852 0.889574 0.891432 0.891809 0.894122 0.89616 0.8964 0.899697 0.903254 0.905529 0.909452 0.912561 0.913857 0.923029 0.927463 0.928833 0.930636 0.930661 0.932804 0.933088 0.939544 0.939822 0.9427 0.94837 0.95074 0.951318 0.951356 0.959124 0.960106 0.960706 0.961198 0.96153 0.963629 0.965397 0.967525 0.972711 0.975005 0.97606 0.977014 0.978816 0.979335 0.984667 0.984913 0.985084 0.987689 0.990129 0.990878 0.991199 0.993608 0.994974 0.996773 0.996945 0.997363 0.997406 0.998404 0.999719 0.999769 0.999965 0.999998 0.999998 1 1 
5, 0.112609, 503, 301
0 0 0 0 0 0 0 0 0 0 0 0 0 0 0 0 0 0 0 0 0 0 0 0 0 0 0 0 0 0 0 0 0 5.96046e-08 5.96046e-08 2.38419e-07 2.98023e-07 4.76837e-07 1.3113e-06 6.19888e-06 6.19888e-06 8.88109e-06 1.12653e-05 1.43647e-05 1.51992e-05 1.97887e-05 1.98483e-05 2.89083e-05 4.72068e-05 5.26905e-05 6.29425e-05 7.34925e-05 7.34925e-05 0.000122309 0.00017392 0.000196099 0.00020957 0.00021398 0.000249377 0.000276744 0.000357061 0.000384508 0.000385344 0.000412429 0.000438306 0.00045224 0.000537577 0.000793517 0.000793517 0.000838935 0.000960709 0.000980556 0.00107664 0.00142929 0.00142929 0.00147611 0.0016109 0.00162494 0.00195783 0.00197518 0.00214555 0.00217246 0.00269991 0.00325168 0.00407998 0.00408012 0.00434893 0.00464016 0.00466088 0.00468826 0.00509936 0.00509936 0.00509936 0.00511968 0.00515831 0.00522083 0.00609338 0.00609338 0.00669718 0.00765949 0.00792734 0.00825354 0.00832209 0.00870013 0.00870013 0.00879367 0.00973901 0.00987214 0.0108755 0.0120396 0.0120982 0.0130566 0.0143477 0.0143492 0.0155396 0.0170424 0.0197593 0.0210016 0.0214485 0.0219476 0.0219994 0.023468 0.0243724 0.0246006 0.0247312 0.0248197 0.0251895 0.0259222 0.0260614 0.0261263 0.026708 0.0270612 0.0271899 0.0285346 0.0286918 0.0288272 0.029224 0.0295132 0.0322064 0.0352385 0.0366376 0.0370977 0.0404203 0.0412907 0.0463613 0.0468431 0.0490775 0.0490775 0.0490775 0.0534006 0.0552752 0.0552752 0.0552754 0.0579993 0.0589329 0.0616958 0.063062 0.0655815 0.0681611 0.0700134 0.070115 0.0733222 0.0739805 0.0752182 0.0797207 0.081354 0.0835276 0.0838457 0.0908768 0.0935516 0.0936304 0.107298 0.109768 0.10985 0.120398 0.123143 0.123979 0.137985 0.138139 0.138333 0.138361 0.138746 0.142547 0.144195 0.145437 0.150067 0.156767 0.157509 0.160094 0.161461 0.162878 0.164459 0.16535 0.169027 0.169203 0.169883 0.17053 0.172067 0.174048 0.174085 0.174135 0.175794 0.177675 0.18031 0.180586 0.182822 0.184124 0.184124 0.184691 0.185062 0.185444 0.18585 0.186133 0.186187 0.19005 0.190469 0.190565 0.191669 0.196714 0.19702 0.197382 0.19847 0.203891 0.204962 0.204963 0.208261 0.208523 0.215549 0.223484 0.225114 0.229844 0.231539 0.235965 0.236216 0.241343 0.241391 0.241891 0.243175 0.243489 0.243542 0.247809 0.25753 0.257922 0.258204 0.258204 0.259082 0.262191 0.263069 0.267423 0.272939 0.273155 0.27459 0.277478 0.280349 0.280558 0.284543 0.286013 0.28743 0.294248 0.305448 0.308598 0.30997 0.310916 0.316528 0.317951 0.321375 0.322645 0.323216 0.323216 0.326182 0.326624 0.329565 0.336047 0.34016 0.345872 0.351785 0.353266 0.355622 0.36122 0.366385 0.367422 0.376181 0.383734 0.386816 0.390144 0.390818 0.391335 0.40012 0.401161 0.410582 0.416711 0.41976 0.420789 0.426381 0.427457 0.431085 0.436465 0.436472 0.440796 0.441944 0.451628 0.454037 0.457761 0.459123 0.459828 0.460091 0.468952 0.471978 0.473885 0.475455 0.48238 0.485868 0.486478 0.488228 0.488576 0.493842 0.494498 0.494786 0.500124 0.501311 0.508881 0.510945 0.516355 0.516546 0.517772 0.519173 0.529485 0.530536 0.53954 0.557945 0.56321 0.564714 0.565638 0.568269 0.579531 0.580674 0.581489 0.5855 0.586355 0.586864 0.587658 0.587689 0.588164 0.590054 0.592337 0.599157 0.603925 0.607837 0.611101 0.612095 0.613643 0.616586 0.621727 0.621985 0.622565 0.628477 0.632452 0.633085 0.63792 0.640537 0.643303 0.643678 0.64635 0.652729 0.656382 0.656382 0.656383 0.656627 0.661827 0.664512 0.664856 0.669339 0.676487 0.678913 0.683043 0.686424 0.686525 0.690797 0.696481 0.698343 0.709402 0.715138 0.718256 0.71855 0.722987 0.72547 0.726242 0.73011 0.734087 0.737581 0.739345 0.740769 0.741056 0.741503 0.742224 0.745682 0.749143 0.751379 0.754109 0.764473 0.771407 0.775672 0.775781 0.778198 0.780055 0.780164 0.780472 0.781837 0.78404 0.795761 0.796811 0.803398 0.807328 0.810747 0.821518 0.82509 0.829491 0.830966 0.832084 0.83455 0.836405 0.848121 0.848565 0.852024 0.866361 0.868702 0.87382 0.875794 0.875906 0.876071 0.8767 0.877794 0.877979 0.878999 0.881183 0.881613 0.886408 0.887839 0.887954 0.889821 0.891436 0.892143 0.895484 0.896478 0.898601 0.899741 0.905605 0.906155 0.91004 0.912641 0.914632 0.920859 0.923099 0.927536 0.928895 0.930639 0.930918 0.933145 0.933662 0.939442 0.93948 0.942731 0.948548 0.950799 0.951513 0.951554 0.959552 0.960119 0.960928 0.961528 0.961768 0.963677 0.965969 0.967568 0.973135 0.975079 0.976091 0.977744 0.979352 0.984409 0.984548 0.987721 0.988023 0.990118 0.990946 0.991259 0.993603 0.995021 0.996798 0.997006 0.997376 0.997452 0.998353 0.999722 0.999773 0.999965 0.999998 0.999998 1 1 
5, 0.112726, 503, 300
0 0 0 0 0 0 0 0 0 0 0 0 0 0 0 0 0 0 0 0 0 0 0 0 0 0 0 0 0 0 0 0 0 5.96046e-08 5.96046e-08 2.38419e-07 2.98023e-07 4.76837e-07 1.3113e-06 6.19888e-06 6.19888e-06 8.88109e-06 1.12653e-05 1.43647e-05 1.51992e-05 1.97887e-05 1.98483e-05 2.89083e-05 4.72068e-05 5.26905e-05 6.29425e-05 7.34925e-05 7.34925e-05 0.000122309 0.00017392 0.000196099 0.00020957 0.00021398 0.000249377 0.000276744 0.000357061 0.000384508 0.000385344 0.000412429 0.000438306 0.00045224 0.000537577 0.000793517 0.000793517 0.000838935 0.000960709 0.000980556 0.00107664 0.00142929 0.00142929 0.00147611 0.0016109 0.00162494 0.00195783 0.00197518 0.00214555 0.00217246 0.00269991 0.00325168 0.00407998 0.00408012 0.00434893 0.00464016 0.00466088 0.00468826 0.00509936 0.00509936 0.00509936 0.00511968 0.00515831 0.00522083 0.00609338 0.00609338 0.00669718 0.00765949 0.00792734 0.00825354 0.00832209 0.00870013 0.00870013 0.00879367 0.00973901 0.00987214 0.0108755 0.0120396 0.0120982 0.0130566 0.0143477 0.0143492 0.0155396 0.0170424 0.0197593 0.0210016 0.0214485 0.0219476 0.0219994 0.023468 0.0243724 0.0246006 0.0247312 0.0248197 0.0251895 0.0259222 0.0260614 0.0261263 0.026708 0.0270612 0.0271899 0.0285346 0.0286918 0.0288272 0.029224 0.0295132 0.0322064 0.0352385 0.0366376 0.0370977 0.0404203 0.0412907 0.0463613 0.0468431 0.0490775 0.0490775 0.0490775 0.0534006 0.0552752 0.0552752 0.0552754 0.0579993 0.0589329 0.0616958 0.063062 0.0655815 0.0681611 0.0700134 0.070115 0.0733222 0.0733914 0.0752182 0.0797207 0.081354 0.0835276 0.0838457 0.0908768 0.0935516 0.0936304 0.107298 0.109768 0.10985 0.120398 0.123143 0.123979 0.137985 0.138139 0.138333 0.138361 0.138746 0.142547 0.144195 0.145437 0.150067 0.156767 0.157509 0.160094 0.161461 0.162878 0.164459 0.16535 0.169027 0.169203 0.169883 0.17053 0.172067 0.174048 0.174085 0.174135 0.175794 0.177675 0.18031 0.180586 0.182822 0.184124 0.184124 0.184691 0.185062 0.185444 0.18585 0.186133 0.186187 0.19005 0.190469 0.190565 0.191669 0.196714 0.19702 0.197382 0.19847 0.203891 0.204962 0.204963 0.208261 0.208523 0.215549 0.223485 0.225114 0.229844 0.231539 0.235965 0.236215 0.241343 0.241391 0.241891 0.243175 0.243489 0.243542 0.247809 0.25753 0.257922 0.258204 0.258204 0.259082 0.262191 0.263069 0.267423 0.272939 0.273155 0.27459 0.277478 0.280349 0.280558 0.284543 0.286013 0.28743 0.294248 0.305448 0.308598 0.30997 0.310916 0.316528 0.317951 0.321375 0.322644 0.323216 0.323216 0.326182 0.326624 0.329565 0.336047 0.34016 0.345872 0.351785 0.353266 0.355622 0.36122 0.366385 0.367422 0.376181 0.383734 0.386816 0.390144 0.390818 0.391335 0.40012 0.401161 0.410582 0.416711 0.41976 0.420789 0.426381 0.427457 0.431085 0.436465 0.436472 0.440796 0.441944 0.451628 0.454037 0.457761 0.459123 0.459828 0.460091 0.468952 0.471978 0.473885 0.475455 0.48238 0.485868 0.486478 0.488228 0.488576 0.493842 0.494498 0.494786 0.500124 0.501311 0.508881 0.510945 0.516355 0.516546 0.517772 0.519173 0.529485 0.530536 0.53954 0.557945 0.56321 0.564714 0.565638 0.568269 0.579531 0.580674 0.581489 0.5855 0.586355 0.586864 0.587658 0.587689 0.588164 0.590054 0.592337 0.599157 0.603925 0.605285 0.607837 0.612095 0.613643 0.616586 0.621985 0.622565 0.627813 0.628477 0.632452 0.633085 0.63792 0.640537 0.643303 0.643678 0.64635 0.647535 0.656382 0.656382 0.656383 0.656627 0.661827 0.664512 0.664856 0.669339 0.676487 0.678913 0.683043 0.686424 0.686525 0.690797 0.696481 0.698343 0.709402 0.715138 0.718256 0.71855 0.722987 0.72547 0.726242 0.73011 0.734087 0.737581 0.739345 0.740769 0.741056 0.741503 0.742224 0.745682 0.749143 0.751379 0.754109 0.764473 0.771407 0.775672 0.775781 0.778198 0.780055 0.780164 0.780472 0.781837 0.78404 0.795761 0.796811 0.803398 0.807328 0.810747 0.821518 0.82509 0.829491 0.830966 0.832084 0.83455 0.836405 0.848121 0.848565 0.852024 0.866361 0.868702 0.87382 0.875794 0.875906 0.876071 0.8767 0.877794 0.877979 0.878999 0.881183 0.881613 0.886408 0.887839 0.887954 0.889821 0.891436 0.892143 0.895484 0.896478 0.898601 0.899741 0.904751 0.905605 0.91004 0.912641 0.914632 0.920859 0.923099 0.927536 0.928895 0.930639 0.930918 0.933145 0.933662 0.939442 0.93948 0.942731 0.948548 0.950799 0.951513 0.951554 0.959552 0.960119 0.960928 0.961528 0.961768 0.963677 0.965969 0.967568 0.973135 0.975079 0.976091 0.977744 0.979352 0.984409 0.984548 0.987721 0.988023 0.990118 0.990946 0.991259 0.993603 0.995021 0.996798 0.997006 0.997376 0.997452 0.998353 0.999722 0.999773 0.999965 0.999998 0.999998 1 1 
5, 0.112641, 503, 305
0 0 0 0 0 0 0 0 0 0 0 0 0 0 0 0 0 0 0 0 0 0 0 0 0 0 0 0 0 0 0 0 0 5.96046e-08 5.96046e-08 1.78814e-07 2.98023e-07 3.57628e-07 1.3113e-06 5.06639e-06 6.73532e-06 1.06692e-05 1.23382e-05 1.30534e-05 1.33514e-05 1.8239e-05 1.96099e-05 2.6226e-05 4.6432e-05 4.72068e-05 5.90682e-05 6.77705e-05 6.77705e-05 0.000106633 0.000160272 0.000183523 0.000214756 0.000219046 0.00025647 0.000272036 0.000367311 0.000377177 0.000402987 0.000428232 0.000443005 0.000489789 0.00054413 0.000830889 0.000906885 0.000906885 0.000960471 0.00107002 0.00108469 0.00145727 0.00159105 0.00161078 0.0017546 0.0017546 0.0019353 0.00197488 0.00216518 0.0021718 0.00269991 0.00324948 0.0040321 0.0040617 0.0044968 0.00460684 0.00463127 0.00466001 0.00511938 0.00515991 0.00591904 0.00597799 0.00597799 0.00608569 0.00608569 0.00608569 0.0065757 0.00765949 0.00787614 0.00823622 0.00832527 0.00863828 0.00865519 0.00865519 0.0098176 0.0100247 0.0108095 0.0119128 0.0119745 0.0129306 0.0142171 0.0142187 0.0155335 0.0170327 0.0196353 0.0205957 0.0219476 0.0220597 0.0227249 0.0233448 0.0242356 0.024559 0.0247294 0.0251846 0.0259222 0.0260375 0.0261314 0.0266094 0.0269948 0.0270591 0.0277414 0.0284671 0.028689 0.0288055 0.0295157 0.0296119 0.0321692 0.0353668 0.0370022 0.0374079 0.0407868 0.0412905 0.0462675 0.0466373 0.0488593 0.0488593 0.0488593 0.0531708 0.055019 0.055019 0.0550191 0.057725 0.0586776 0.0614154 0.0629297 0.0655587 0.066159 0.0680806 0.070067 0.0729275 0.074916 0.0751399 0.0797736 0.0815501 0.0832291 0.0832739 0.0906476 0.0938712 0.095497 0.106613 0.110191 0.111424 0.119191 0.123944 0.124781 0.137037 0.137063 0.138314 0.138361 0.142534 0.143614 0.144185 0.146387 0.150058 0.156725 0.157451 0.160042 0.161419 0.162749 0.163078 0.165242 0.169183 0.170167 0.170483 0.171204 0.172234 0.17392 0.174359 0.175907 0.175955 0.176404 0.180048 0.180337 0.183155 0.183852 0.183852 0.184493 0.184989 0.185394 0.185584 0.185898 0.189109 0.189977 0.190133 0.190519 0.191655 0.196539 0.197186 0.197213 0.197306 0.20388 0.204962 0.204963 0.207942 0.208231 0.215467 0.223392 0.22568 0.230802 0.231508 0.235886 0.236057 0.240995 0.241068 0.24218 0.242548 0.242728 0.243436 0.247698 0.257375 0.257497 0.257652 0.257652 0.259066 0.261916 0.262832 0.267355 0.272879 0.273118 0.274543 0.277434 0.280279 0.28045 0.282694 0.283999 0.287148 0.293537 0.304608 0.308606 0.309927 0.310198 0.314521 0.316402 0.317911 0.321247 0.323216 0.323216 0.326066 0.326113 0.329095 0.334433 0.340089 0.345677 0.351675 0.353225 0.356456 0.361196 0.366016 0.367276 0.376094 0.380066 0.38679 0.390258 0.390749 0.391273 0.400095 0.400812 0.410084 0.416509 0.419727 0.420764 0.426376 0.427244 0.4307 0.436011 0.436016 0.44035 0.441836 0.448608 0.453804 0.457447 0.459642 0.460322 0.460334 0.46826 0.47154 0.473404 0.475033 0.48237 0.485781 0.487452 0.488978 0.493705 0.494382 0.49467 0.494687 0.500061 0.501311 0.508739 0.510794 0.516207 0.516484 0.517537 0.519171 0.529457 0.53042 0.539513 0.557749 0.563142 0.564444 0.565523 0.568177 0.580293 0.581108 0.583776 0.585403 0.585978 0.586487 0.587282 0.587313 0.587789 0.58968 0.591965 0.598891 0.603834 0.607806 0.610936 0.611865 0.612977 0.616361 0.621743 0.621815 0.622266 0.627052 0.631795 0.632222 0.637579 0.640293 0.642935 0.643213 0.646328 0.652573 0.656382 0.656382 0.656383 0.656537 0.65954 0.663803 0.664683 0.669217 0.676296 0.678815 0.68283 0.686477 0.686491 0.690221 0.69643 0.698161 0.709315 0.715099 0.718049 0.718444 0.723766 0.725307 0.725706 0.732951 0.73396 0.73738 0.739285 0.740758 0.740978 0.742696 0.743135 0.74568 0.74808 0.751094 0.75406 0.764397 0.771315 0.775623 0.775723 0.77814 0.78009 0.780769 0.780834 0.781759 0.784026 0.795762 0.796621 0.803014 0.806755 0.810696 0.821482 0.825042 0.826892 0.829396 0.831996 0.836148 0.84023 0.848001 0.848495 0.850937 0.866261 0.868623 0.873533 0.875683 0.875795 0.875859 0.87589 0.877557 0.877927 0.878272 0.88091 0.881504 0.886357 0.88733 0.887894 0.889677 0.891434 0.891942 0.895382 0.896432 0.897112 0.899718 0.905561 0.906113 0.909686 0.912595 0.91416 0.920738 0.923059 0.927493 0.928859 0.930637 0.930764 0.933098 0.933112 0.939531 0.939687 0.942713 0.94841 0.950765 0.951396 0.951436 0.959293 0.960086 0.960794 0.961481 0.9617 0.963649 0.965594 0.967543 0.972976 0.975036 0.976064 0.977302 0.979343 0.984722 0.984881 0.987702 0.988015 0.990125 0.990904 0.991223 0.993608 0.994993 0.996783 0.996969 0.997369 0.997424 0.998385 0.99972 0.999771 0.999965 0.999998 0.999998 1 1 
5, 0.112638, 501, 302
0 0 0 0 0 0 0 0 0 0 0 0 0 0 0 0 0 0 0 0 0 0 0 0 0 0 0 0 0 0 0 0 0 5.96046e-08 5.96046e-08 1.78814e-07 2.98023e-07 3.57628e-07 1.3113e-06 5.126e-06 6.55651e-06 1.07288e-05 1.24574e-05 1.24574e-05 1.26361e-05 1.83582e-05 1.96099e-05 2.62856e-05 4.25577e-05 4.72068e-05 5.9247e-05 6.10352e-05 6.10352e-05 0.000106573 0.000160749 0.000183821 0.000214517 0.000218152 0.000251226 0.000271857 0.000366357 0.000377296 0.000402689 0.000428649 0.000440145 0.000492232 0.000543951 0.000830889 0.000904858 0.000904858 0.000960471 0.00106931 0.00108248 0.0014571 0.00159254 0.00161078 0.00174519 0.00174519 0.0019359 0.00197488 0.00216714 0.00217145 0.00269991 0.00324942 0.00400615 0.00406152 0.00449163 0.00460732 0.00463127 0.00466037 0.00511938 0.00516069 0.00590515 0.00597924 0.00597924 0.00603747 0.00603747 0.00603747 0.00657564 0.00765949 0.00784692 0.00822231 0.00832491 0.00864125 0.00865561 0.00865561 0.00981814 0.0100251 0.0108109 0.011913 0.0119755 0.0129326 0.0142228 0.0142244 0.0155327 0.0170325 0.01963 0.0206483 0.0219476 0.0220665 0.0226159 0.0233453 0.0242285 0.02456 0.0247294 0.0251846 0.0259222 0.026039 0.0261311 0.0266076 0.0269547 0.0270577 0.0277241 0.0280479 0.0284682 0.0286891 0.029512 0.0296015 0.0321692 0.0353603 0.0369707 0.0374078 0.0407891 0.0412905 0.0462688 0.0466403 0.0488459 0.0488459 0.0488459 0.0531572 0.0550038 0.0550038 0.0550039 0.0577086 0.0586625 0.0614001 0.0629297 0.065559 0.0662156 0.0681623 0.0700668 0.0729296 0.0750094 0.0751396 0.079769 0.0815365 0.0832543 0.083259 0.0906545 0.0939325 0.0953353 0.1058 0.109999 0.111565 0.119232 0.123946 0.124716 0.136337 0.137113 0.138315 0.138361 0.142534 0.143649 0.144186 0.146368 0.150102 0.156727 0.157454 0.160039 0.161419 0.162098 0.163075 0.165242 0.169182 0.170102 0.170485 0.171009 0.172234 0.17392 0.174362 0.175632 0.175945 0.176442 0.180057 0.180348 0.183135 0.183846 0.183846 0.184486 0.184994 0.185391 0.185578 0.185886 0.188826 0.189982 0.190132 0.190518 0.191656 0.195911 0.197233 0.197253 0.197303 0.203881 0.204962 0.204963 0.207936 0.208233 0.215468 0.22339 0.225657 0.230771 0.231509 0.235884 0.236059 0.240995 0.241067 0.24222 0.242488 0.242732 0.243437 0.247702 0.25737 0.257499 0.257647 0.257647 0.259069 0.261921 0.262846 0.267339 0.272883 0.27312 0.274546 0.277434 0.280282 0.280456 0.282885 0.283996 0.28715 0.293575 0.304078 0.308606 0.309927 0.310199 0.314853 0.316405 0.317913 0.321249 0.323216 0.323216 0.326073 0.326143 0.328578 0.334431 0.340093 0.345689 0.351679 0.353225 0.356494 0.361197 0.366026 0.367282 0.376099 0.380276 0.38679 0.390253 0.390752 0.391276 0.400096 0.40081 0.410085 0.416521 0.419727 0.420764 0.426394 0.427235 0.430717 0.436038 0.436043 0.440354 0.441841 0.448778 0.453809 0.457466 0.459649 0.460321 0.460425 0.468295 0.471129 0.473426 0.474627 0.482371 0.485786 0.487448 0.488863 0.493707 0.494272 0.494385 0.49469 0.500062 0.501311 0.508742 0.510797 0.516213 0.516485 0.517138 0.519162 0.529455 0.530425 0.539513 0.557751 0.563146 0.564105 0.56553 0.568179 0.580285 0.581101 0.58361 0.585408 0.585971 0.58648 0.587275 0.587306 0.587781 0.589673 0.591957 0.598897 0.603838 0.607806 0.610938 0.61189 0.612977 0.616373 0.621745 0.621814 0.62227 0.62683 0.631791 0.63226 0.637595 0.640287 0.642946 0.643217 0.646329 0.652575 0.656382 0.656382 0.656383 0.656539 0.65965 0.663798 0.664648 0.669221 0.676303 0.67881 0.68283 0.686476 0.68649 0.690246 0.696433 0.698162 0.709319 0.715101 0.71805 0.718447 0.723704 0.725308 0.725707 0.732824 0.733968 0.737381 0.739288 0.740756 0.740982 0.742866 0.743144 0.74568 0.74812 0.751089 0.754062 0.764401 0.771318 0.775626 0.775725 0.778142 0.780094 0.780745 0.780795 0.781763 0.784005 0.795761 0.796622 0.803015 0.806609 0.810699 0.821484 0.825044 0.826922 0.829402 0.832001 0.836158 0.840177 0.848008 0.848499 0.851001 0.866274 0.868627 0.873538 0.875681 0.875793 0.875871 0.875937 0.87757 0.877937 0.878215 0.880914 0.881507 0.88636 0.887307 0.887898 0.889685 0.891434 0.891952 0.895381 0.896431 0.897199 0.899717 0.905563 0.906114 0.909692 0.912597 0.914185 0.920737 0.923061 0.927496 0.928861 0.930637 0.930768 0.933075 0.933114 0.939545 0.939693 0.942714 0.948371 0.950767 0.9514 0.951426 0.959292 0.960055 0.960796 0.961421 0.961704 0.963651 0.965578 0.967544 0.972975 0.975038 0.976056 0.97731 0.979343 0.984696 0.984855 0.987703 0.988015 0.990121 0.990905 0.991225 0.993604 0.994994 0.996783 0.99697 0.997368 0.997425 0.998382 0.99972 0.99977 0.999965 0.999998 0.999998 1 1 
4, 0.112815, 502, 301
0 0 0 0 0 0 0 0 0 0 0 0 0 0 0 0 0 0 0 0 0 0 0 0 0 0 0 0 0 0 0 0 0 5.96046e-08 5.96046e-08 2.38419e-07 2.98023e-07 3.57628e-07 1.3113e-06 5.30481e-06 7.56979e-06 1.07884e-05 1.0848e-05 1.37686e-05 1.44243e-05 1.8537e-05 1.96695e-05 2.67625e-05 4.72068e-05 4.95911e-05 5.99623e-05 7.27177e-05 7.27177e-05 0.000109792 0.000163073 0.000186026 0.000213921 0.000218748 0.000258198 0.000272989 0.000364927 0.000378608 0.000398993 0.000430199 0.000445925 0.000473935 0.000542402 0.000832438 0.000884593 0.000884593 0.00096053 0.00106454 0.00107116 0.00146216 0.0015976 0.00161084 0.001687 0.001687 0.00193888 0.00197488 0.0021634 0.00217216 0.00269991 0.00324995 0.00405918 0.00406551 0.00447 0.0046131 0.0046371 0.00466526 0.00511944 0.00517184 0.0057677 0.00589615 0.00589615 0.00589615 0.00599974 0.00599974 0.00659871 0.00765949 0.00790666 0.00825306 0.00832479 0.00866389 0.00866389 0.0086674 0.00982815 0.00996241 0.0108222 0.0119493 0.0119866 0.0129547 0.0142469 0.0142485 0.0155372 0.0170348 0.0196619 0.0207608 0.0219476 0.0220456 0.0224249 0.0233688 0.024263 0.0245672 0.0247298 0.0251856 0.0259222 0.0260425 0.0261306 0.0265672 0.0266292 0.0270603 0.0276425 0.02848 0.0286896 0.0293953 0.0295051 0.0295396 0.0321763 0.0353388 0.0370318 0.0372571 0.0407333 0.0412906 0.0462864 0.0466776 0.0489033 0.0489033 0.0489033 0.0532173 0.0550705 0.0550705 0.0550706 0.0577802 0.058729 0.0614717 0.0629549 0.0655635 0.0665439 0.0684378 0.0700769 0.0730071 0.0747388 0.0751559 0.0797654 0.0815082 0.083325 0.0833495 0.0906931 0.0938184 0.095163 0.107343 0.110201 0.111144 0.119431 0.123954 0.12448 0.13724 0.137903 0.138318 0.138361 0.142537 0.142609 0.144188 0.146194 0.150074 0.156734 0.157463 0.160053 0.161429 0.163041 0.163562 0.165264 0.169187 0.170124 0.170493 0.170812 0.1722 0.173946 0.174413 0.175597 0.175922 0.176657 0.180099 0.180386 0.183084 0.183913 0.183913 0.184539 0.185005 0.185405 0.185645 0.185946 0.188573 0.189993 0.190204 0.190529 0.191658 0.197168 0.197187 0.197191 0.197441 0.203883 0.204962 0.204963 0.208065 0.208238 0.215483 0.22341 0.225562 0.230617 0.231514 0.235958 0.23604 0.241069 0.241136 0.242434 0.242446 0.242816 0.24346 0.247721 0.257491 0.257505 0.257769 0.257769 0.259071 0.261971 0.26288 0.267383 0.272892 0.273127 0.274553 0.277442 0.280294 0.280471 0.28333 0.284109 0.287205 0.293668 0.305175 0.308604 0.309937 0.310341 0.315833 0.316428 0.317919 0.321529 0.323216 0.323216 0.326091 0.326212 0.329574 0.33476 0.340104 0.345717 0.351698 0.353234 0.356322 0.361201 0.366096 0.367305 0.376115 0.380744 0.386796 0.390269 0.390764 0.391287 0.4001 0.400887 0.410185 0.416551 0.419734 0.420768 0.426559 0.427288 0.430782 0.436101 0.436107 0.440441 0.441859 0.449186 0.453852 0.457511 0.45968 0.460077 0.460293 0.468389 0.471932 0.473501 0.475422 0.482372 0.4858 0.48761 0.488501 0.493639 0.493733 0.494407 0.494708 0.500075 0.501311 0.508767 0.510825 0.516238 0.516496 0.517884 0.519175 0.529463 0.530444 0.539518 0.557788 0.563155 0.564748 0.565547 0.568195 0.580367 0.581183 0.582967 0.585424 0.586052 0.586561 0.587356 0.587387 0.587862 0.589754 0.592038 0.598945 0.603853 0.607812 0.610969 0.611913 0.613112 0.616402 0.621744 0.62185 0.622327 0.627544 0.631927 0.632388 0.637649 0.640343 0.643084 0.643232 0.646333 0.652605 0.654344 0.654344 0.654344 0.656556 0.659982 0.663948 0.664744 0.669243 0.676336 0.67693 0.682872 0.684627 0.686479 0.690334 0.696441 0.698198 0.709333 0.715108 0.718091 0.718466 0.723598 0.72534 0.725814 0.732415 0.733987 0.737421 0.739298 0.740762 0.740995 0.742632 0.742821 0.745681 0.748282 0.75115 0.754071 0.764413 0.771334 0.775633 0.775735 0.778152 0.780106 0.780693 0.780724 0.781776 0.784046 0.795761 0.796661 0.803091 0.806981 0.810707 0.82149 0.825052 0.827704 0.829416 0.832014 0.836199 0.839131 0.848026 0.84851 0.851148 0.866282 0.868639 0.873591 0.875705 0.875817 0.875906 0.876045 0.877607 0.877939 0.878482 0.880965 0.881527 0.886368 0.887435 0.887907 0.889706 0.891434 0.891982 0.895403 0.896441 0.8974 0.899723 0.90557 0.906122 0.909756 0.912604 0.914252 0.923067 0.927502 0.928867 0.930638 0.930795 0.933119 0.933245 0.939521 0.939641 0.942717 0.948467 0.950772 0.951419 0.951461 0.959345 0.960115 0.960821 0.961258 0.961534 0.963655 0.965684 0.967548 0.972848 0.975045 0.976069 0.97739 0.978843 0.979345 0.984664 0.984676 0.984819 0.987706 0.990125 0.990912 0.99123 0.993607 0.994998 0.996786 0.996976 0.997371 0.99743 0.998379 0.99972 0.999771 0.999965 0.999998 0.999998 1 1 
5, 0.112609, 503, 300
0 0 0 0 0 0 0 0 0 0 0 0 0 0 0 0 0 0 0 0 0 0 0 0 0 0 0 0 0 0 0 0 0 5.96046e-08 5.96046e-08 2.38419e-07 2.98023e-07 4.76837e-07 1.3113e-06 6.19888e-06 6.19888e-06 8.88109e-06 1.12653e-05 1.43647e-05 1.51992e-05 1.97887e-05 1.98483e-05 2.89083e-05 4.72068e-05 5.26905e-05 6.29425e-05 7.34925e-05 7.34925e-05 0.000122309 0.00017392 0.000196099 0.00020957 0.00021398 0.000249377 0.000276744 0.000357061 0.000384508 0.000385344 0.000412429 0.000438306 0.00045224 0.000537577 0.000793517 0.000793517 0.000838935 0.000960709 0.000980556 0.00107664 0.00142929 0.00142929 0.00147611 0.0016109 0.00162494 0.00195783 0.00197518 0.00214555 0.00217246 0.00269991 0.00325168 0.00407998 0.00408012 0.00434893 0.00464016 0.00466088 0.00468826 0.00509936 0.00509936 0.00509936 0.00511968 0.00515831 0.00522083 0.00609338 0.00609338 0.00669718 0.00765949 0.00792734 0.00825354 0.00832209 0.00870013 0.00870013 0.00879367 0.00973901 0.00987214 0.0108755 0.0120396 0.0120982 0.0130566 0.0143477 0.0143492 0.0155396 0.0170424 0.0197593 0.0210016 0.0214485 0.0219476 0.0219994 0.023468 0.0243724 0.0246006 0.0247312 0.0248197 0.0251895 0.0259222 0.0260614 0.0261263 0.026708 0.0270612 0.0271899 0.0285346 0.0286918 0.0288272 0.029224 0.0295132 0.0322064 0.0352385 0.0366376 0.0370977 0.0404203 0.0412907 0.0463613 0.0468431 0.0490775 0.0490775 0.0490775 0.0534006 0.0552752 0.0552752 0.0552754 0.0579993 0.0589329 0.0616958 0.063062 0.0655815 0.0681611 0.0700134 0.070115 0.0733222 0.0739805 0.0752182 0.0797207 0.081354 0.0835276 0.0838457 0.0908768 0.0935516 0.0936304 0.107298 0.109768 0.10985 0.120398 0.123143 0.123979 0.137985 0.138139 0.138333 0.138361 0.138746 0.142547 0.144195 0.145437 0.150067 0.156767 0.157509 0.160094 0.161461 0.162878 0.164459 0.16535 0.169027 0.169203 0.169883 0.17053 0.172067 0.174048 0.174085 0.174135 0.175794 0.177675 0.18031 0.180586 0.182822 0.184124 0.184124 0.184691 0.185062 0.185444 0.18585 0.186133 0.186187 0.19005 0.190469 0.190565 0.191669 0.196714 0.19702 0.197382 0.19847 0.203891 0.204962 0.204963 0.208261 0.208523 0.215549 0.223484 0.225114 0.229844 0.231539 0.235965 0.236216 0.241343 0.241391 0.241891 0.243175 0.243489 0.243542 0.247809 0.25753 0.257922 0.258204 0.258204 0.259082 0.262191 0.263069 0.267423 0.272939 0.273155 0.27459 0.277478 0.280349 0.280558 0.284543 0.286013 0.28743 0.294248 0.305448 0.308598 0.30997 0.310916 0.316528 0.317951 0.321375 0.322645 0.323216 0.323216 0.326182 0.326624 0.329565 0.336047 0.34016 0.345872 0.351785 0.353266 0.355622 0.36122 0.366385 0.367422 0.376181 0.383734 0.386816 0.390144 0.390818 0.391335 0.40012 0.401161 0.410582 0.416711 0.41976 0.420789 0.426381 0.427457 0.431085 0.436465 0.436472 0.440796 0.441944 0.451628 0.454037 0.457761 0.459123 0.459828 0.460091 0.468952 0.471978 0.473885 0.475455 0.48238 0.485868 0.486478 0.488228 0.488576 0.493842 0.494498 0.494786 0.500124 0.501311 0.508881 0.510945 0.516355 0.516546 0.517772 0.519173 0.529485 0.530536 0.53954 0.557945 0.56321 0.564714 0.565638 0.568269 0.579531 0.580674 0.581489 0.5855 0.586355 0.586864 0.587658 0.587689 0.588164 0.590054 0.592337 0.599157 0.603925 0.607837 0.611101 0.612095 0.613643 0.616586 0.621727 0.621985 0.622565 0.628477 0.632452 0.633085 0.63792 0.640537 0.643303 0.643678 0.64635 0.652729 0.656382 0.656382 0.656383 0.656627 0.661827 0.664512 0.664856 0.669339 0.676487 0.678913 0.683043 0.686424 0.686525 0.690797 0.696481 0.698343 0.709402 0.715138 0.718256 0.71855 0.722987 0.72547 0.726242 0.73011 0.734087 0.737581 0.739345 0.740769 0.741056 0.741503 0.742224 0.745682 0.749143 0.751379 0.754109 0.764473 0.771407 0.775672 0.775781 0.778198 0.780055 0.780164 0.780472 0.781837 0.78404 0.795761 0.796811 0.803398 0.807328 0.810747 0.821518 0.82509 0.829491 0.830966 0.832084 0.83455 0.836405 0.848121 0.848565 0.852024 0.866361 0.868702 0.87382 0.875794 0.875906 0.876071 0.8767 0.877794 0.877979 0.878999 0.881183 0.881613 0.886408 0.887839 0.887954 0.889821 0.891436 0.892143 0.895484 0.896478 0.898601 0.899741 0.905605 0.906155 0.91004 0.912641 0.914632 0.920859 0.923099 0.927536 0.928895 0.930639 0.930918 0.933145 0.933662 0.939442 0.93948 0.942731 0.948548 0.950799 0.951513 0.951554 0.959552 0.960119 0.960928 0.961528 0.961768 0.963677 0.965969 0.967568 0.973135 0.975079 0.976091 0.977744 0.979352 0.984409 0.984548 0.987721 0.988023 0.990118 0.990946 0.991259 0.993603 0.995021 0.996798 0.997006 0.997376 0.997452 0.998353 0.999722 0.999773 0.999965 0.999998 0.999998 1 1 
5, 0.112665, 500, 301
0 0 0 0 0 0 0 0 0 0 0 0 0 0 0 0 0 0 0 0 0 0 0 0 0 0 0 0 0 0 0 0 0 5.96046e-08 5.96046e-08 2.38419e-07 3.57628e-07 3.57628e-07 1.3113e-06 4.11272e-06 6.97374e-06 1.0252e-05 1.2815e-05 1.28746e-05 1.69873e-05 1.95503e-05 2.16961e-05 2.3365e-05 4.29749e-05 4.72068e-05 5.43594e-05 6.60419e-05 6.60419e-05 9.15527e-05 0.000149722 0.00017035 0.000217855 0.000222086 0.000258556 0.000267088 0.00037035 0.000371098 0.000418338 0.00042516 0.00043103 0.000555449 0.000563513 0.000823617 0.000960292 0.00100219 0.00100219 0.00106549 0.00116944 0.00143623 0.00155936 0.00161066 0.00192314 0.00197458 0.00207833 0.00207833 0.00216665 0.00217139 0.00269991 0.00324745 0.00398969 0.00404513 0.00457567 0.00460373 0.00461591 0.00463384 0.00510645 0.00511909 0.00588584 0.00588584 0.00647843 0.00658721 0.00701952 0.00701952 0.00701952 0.00765949 0.00782787 0.0081451 0.00832619 0.00851093 0.00861406 0.00861406 0.00976741 0.010313 0.0107464 0.0117556 0.011918 0.0128219 0.0140246 0.0140261 0.0155272 0.017023 0.0195546 0.0198052 0.0219476 0.0221168 0.0232373 0.0241161 0.0241842 0.0245197 0.0247275 0.0251794 0.0259222 0.026011 0.0261344 0.0265236 0.0270554 0.0282352 0.0284084 0.0285786 0.0286861 0.0289286 0.0299306 0.0301812 0.0321426 0.0355481 0.0368564 0.0379877 0.0410247 0.041289 0.0461813 0.0464438 0.0486661 0.0486661 0.0486661 0.0529675 0.0547925 0.0547925 0.0547926 0.0574834 0.058452 0.0611661 0.0628275 0.064377 0.0655357 0.0664234 0.0700224 0.0725751 0.0750688 0.0754957 0.0798011 0.0817109 0.0826347 0.0830486 0.0904264 0.0939658 0.0971071 0.10632 0.110515 0.112788 0.118049 0.123911 0.126208 0.13586 0.136178 0.138293 0.138361 0.14252 0.144176 0.147338 0.14895 0.149989 0.156678 0.15739 0.159989 0.161197 0.161378 0.163237 0.165137 0.169163 0.170404 0.170431 0.17215 0.172384 0.173795 0.174592 0.175191 0.176123 0.177502 0.179786 0.180081 0.183554 0.1836 0.1836 0.184313 0.18491 0.185336 0.185342 0.185685 0.189795 0.189897 0.190473 0.191641 0.191729 0.195961 0.196082 0.197312 0.197786 0.203869 0.204962 0.204963 0.207369 0.208186 0.215393 0.223311 0.226306 0.231476 0.235551 0.236124 0.240643 0.240742 0.240992 0.242292 0.243139 0.243328 0.246006 0.247584 0.256839 0.257109 0.257109 0.257461 0.259029 0.261659 0.262573 0.267291 0.272813 0.273076 0.274492 0.277396 0.279523 0.280205 0.280344 0.283478 0.286882 0.292918 0.304112 0.308109 0.308611 0.309514 0.309884 0.316275 0.317867 0.319975 0.323216 0.323216 0.325627 0.325937 0.328942 0.332959 0.34001 0.345466 0.35156 0.353183 0.357055 0.36117 0.365608 0.367135 0.375985 0.37687 0.386767 0.390222 0.390679 0.391199 0.400067 0.400487 0.409601 0.416289 0.419697 0.420739 0.426471 0.427046 0.430292 0.435538 0.435544 0.43991 0.441723 0.445761 0.453566 0.45711 0.459451 0.460518 0.461221 0.467654 0.471362 0.47291 0.474852 0.48236 0.485689 0.486708 0.491371 0.493566 0.494255 0.494586 0.499773 0.499995 0.501311 0.508611 0.510638 0.512729 0.516421 0.517505 0.519163 0.529432 0.530299 0.539486 0.557553 0.56308 0.564384 0.565396 0.568098 0.579937 0.580753 0.5853 0.585626 0.586136 0.586932 0.586962 0.587438 0.587509 0.589331 0.591617 0.598636 0.603738 0.607776 0.610771 0.611602 0.612336 0.616164 0.621647 0.621733 0.621981 0.625849 0.631174 0.631426 0.637226 0.64006 0.642184 0.643115 0.646309 0.652412 0.656382 0.656382 0.656383 0.656442 0.657381 0.663135 0.664506 0.669094 0.676089 0.678728 0.682617 0.686435 0.686546 0.689659 0.696377 0.69798 0.709222 0.715056 0.717844 0.718331 0.724733 0.725144 0.725191 0.733822 0.735436 0.737181 0.73922 0.740742 0.740896 0.743093 0.744638 0.74568 0.74713 0.750829 0.754008 0.764315 0.771217 0.775568 0.77566 0.778077 0.780011 0.78101 0.781534 0.781676 0.784009 0.79577 0.79643 0.80264 0.806263 0.810639 0.821443 0.82324 0.82499 0.829293 0.8319 0.835896 0.839403 0.847871 0.84842 0.849883 0.866137 0.868537 0.873248 0.87512 0.875575 0.87566 0.875687 0.877334 0.877651 0.877854 0.880639 0.881381 0.886302 0.886851 0.88783 0.889523 0.891431 0.891742 0.895282 0.895691 0.896386 0.899687 0.905513 0.906072 0.909347 0.912544 0.913708 0.920623 0.923014 0.927447 0.92882 0.930616 0.930636 0.93259 0.933076 0.93955 0.939891 0.942693 0.948295 0.950728 0.951283 0.951321 0.959046 0.960073 0.960663 0.96147 0.961632 0.963619 0.965272 0.967516 0.972824 0.974989 0.976067 0.976879 0.979331 0.984999 0.985176 0.987682 0.988007 0.990133 0.990865 0.991187 0.993607 0.994965 0.996768 0.996934 0.99736 0.997397 0.998413 0.999718 0.999768 0.999965 0.999998 0.999998 1 1 
5, 0.112609, 503, 302
0 0 0 0 0 0 0 0 0 0 0 0 0 0 0 0 0 0 0 0 0 0 0 0 0 0 0 0 0 0 0 0 0 5.96046e-08 5.96046e-08 2.38419e-07 2.98023e-07 4.76837e-07 1.3113e-06 6.19888e-06 6.19888e-06 8.88109e-06 1.12653e-05 1.43647e-05 1.51992e-05 1.97887e-05 1.98483e-05 2.89083e-05 4.72068e-05 5.26905e-05 6.29425e-05 7.34925e-05 7.34925e-05 0.000122309 0.00017392 0.000196099 0.00020957 0.00021398 0.000249377 0.000276744 0.000357061 0.000384508 0.000385344 0.000412429 0.000438306 0.00045224 0.000537577 0.000793517 0.000793517 0.000838935 0.000960709 0.000980556 0.00107664 0.00142929 0.00142929 0.00147611 0.0016109 0.00162494 0.00195783 0.00197518 0.00214555 0.00217246 0.00269991 0.00325168 0.00407998 0.00408012 0.00434893 0.00464016 0.00466088 0.00468826 0.00509936 0.00509936 0.00509936 0.00511968 0.00515831 0.00522083 0.00609338 0.00609338 0.00669718 0.00765949 0.00792734 0.00825354 0.00832209 0.00870013 0.00870013 0.00879367 0.00973901 0.00987214 0.0108755 0.0120396 0.0120982 0.0130566 0.0143477 0.0143492 0.0155396 0.0170424 0.0197593 0.0210016 0.0214485 0.0219476 0.0219994 0.023468 0.0243724 0.0246006 0.0247312 0.0248197 0.0251895 0.0259222 0.0260614 0.0261263 0.026708 0.0270612 0.0271899 0.0285346 0.0286918 0.0288272 0.029224 0.0295132 0.0322064 0.0352385 0.0366376 0.0370977 0.0404203 0.0412907 0.0463613 0.0468431 0.0490775 0.0490775 0.0490775 0.0534006 0.0552752 0.0552752 0.0552754 0.0579993 0.0589329 0.0616958 0.063062 0.0655815 0.0681611 0.0700134 0.070115 0.0733222 0.0739805 0.0752182 0.0797207 0.081354 0.0835276 0.0838457 0.0908768 0.0935516 0.0936304 0.107298 0.109768 0.10985 0.120398 0.123143 0.123979 0.137985 0.138139 0.138333 0.138361 0.138746 0.142547 0.144195 0.145437 0.150067 0.156767 0.157509 0.160094 0.161461 0.162878 0.164459 0.16535 0.169027 0.169203 0.169883 0.17053 0.172067 0.174048 0.174085 0.174135 0.175794 0.177675 0.18031 0.180586 0.182822 0.184124 0.184124 0.184691 0.185062 0.185444 0.18585 0.186133 0.186187 0.19005 0.190469 0.190565 0.191669 0.196714 0.19702 0.197382 0.19847 0.203891 0.204962 0.204963 0.208261 0.208523 0.215549 0.223484 0.225114 0.229844 0.231539 0.235965 0.236216 0.241343 0.241391 0.241891 0.243175 0.243489 0.243542 0.247809 0.25753 0.257922 0.258204 0.258204 0.259082 0.262191 0.263069 0.267423 0.272939 0.273155 0.27459 0.277478 0.280349 0.280558 0.284543 0.286013 0.28743 0.294248 0.305448 0.308598 0.30997 0.310916 0.316528 0.317951 0.321375 0.322645 0.323216 0.323216 0.326182 0.326624 0.329565 0.336047 0.34016 0.345872 0.351785 0.353266 0.355622 0.36122 0.366385 0.367422 0.376181 0.383734 0.386816 0.390144 0.390818 0.391335 0.40012 0.401161 0.410582 0.416711 0.41976 0.420789 0.426381 0.427457 0.431085 0.436465 0.436472 0.440796 0.441944 0.451628 0.454037 0.457761 0.459123 0.459828 0.460091 0.468952 0.471978 0.473885 0.475455 0.48238 0.485868 0.486478 0.488228 0.488576 0.493842 0.494498 0.494786 0.500124 0.501311 0.508881 0.510945 0.516355 0.516546 0.517772 0.519173 0.529485 0.530536 0.53954 0.557945 0.56321 0.564714 0.565638 0.568269 0.579531 0.580674 0.581489 0.5855 0.586355 0.586864 0.587658 0.587689 0.588164 0.590054 0.592337 0.599157 0.603925 0.607837 0.611101 0.612095 0.613643 0.616586 0.621727 0.621985 0.622565 0.628477 0.632452 0.633085 0.63792 0.640537 0.643303 0.643678 0.64635 0.652729 0.656382 0.656382 0.656383 0.656627 0.661827 0.664512 0.664856 0.669339 0.676487 0.678913 0.683043 0.686424 0.686525 0.690797 0.696481 0.698343 0.709402 0.715138 0.718256 0.71855 0.722987 0.72547 0.726242 0.73011 0.734087 0.737581 0.739345 0.740769 0.741056 0.741503 0.742224 0.745682 0.749143 0.751379 0.754109 0.764473 0.771407 0.775672 0.775781 0.778198 0.780055 0.780164 0.780472 0.781837 0.78404 0.795761 0.796811 0.803398 0.807328 0.810747 0.821518 0.82509 0.829491 0.830966 0.832084 0.83455 0.836405 0.848121 0.848565 0.852024 0.866361 0.868702 0.87382 0.875794 0.875906 0.876071 0.8767 0.877794 0.877979 0.878999 0.881183 0.881613 0.886408 0.887839 0.887954 0.889821 0.891436 0.892143 0.895484 0.896478 0.898601 0.899741 0.905605 0.906155 0.91004 0.912641 0.914632 0.920859 0.923099 0.927536 0.928895 0.930639 0.930918 0.933145 0.933662 0.939442 0.93948 0.942731 0.948548 0.950799 0.951513 0.951554 0.959552 0.960119 0.960928 0.961528 0.961768 0.963677 0.965969 0.967568 0.973135 0.975079 0.976091 0.977744 0.979352 0.984409 0.984548 0.987721 0.988023 0.990118 0.990946 0.991259 0.993603 0.995021 0.996798 0.997006 0.997376 0.997452 0.998353 0.999722 0.999773 0.999965 0.999998 0.999998 1 1 
5, 0.112609, 503, 305
0 0 0 0 0 0 0 0 0 0 0 0 0 0 0 0 0 0 0 0 0 0 0 0 0 0 0 0 0 0 0 0 0 5.96046e-08 5.96046e-08 2.38419e-07 2.98023e-07 4.76837e-07 1.3113e-06 6.19888e-06 6.19888e-06 8.88109e-06 1.12653e-05 1.43647e-05 1.51992e-05 1.97887e-05 1.98483e-05 2.89083e-05 4.72068e-05 5.26905e-05 6.29425e-05 7.34925e-05 7.34925e-05 0.000122309 0.00017392 0.000196099 0.00020957 0.00021398 0.000249377 0.000276744 0.000357061 0.000384508 0.000385344 0.000412429 0.000438306 0.00045224 0.000537577 0.000793517 0.000793517 0.000838935 0.000960709 0.000980556 0.00107664 0.00142929 0.00142929 0.00147611 0.0016109 0.00162494 0.00195783 0.00197518 0.00214555 0.00217246 0.00269991 0.00325168 0.00407998 0.00408012 0.00434893 0.00464016 0.00466088 0.00468826 0.00509936 0.00509936 0.00509936 0.00511968 0.00515831 0.00522083 0.00609338 0.00609338 0.00669718 0.00765949 0.00792734 0.00825354 0.00832209 0.00870013 0.00870013 0.00879367 0.00973901 0.00987214 0.0108755 0.0120396 0.0120982 0.0130566 0.0143477 0.0143492 0.0155396 0.0170424 0.0197593 0.0210016 0.0214485 0.0219476 0.0219994 0.023468 0.0243724 0.0246006 0.0247312 0.0248197 0.0251895 0.0259222 0.0260614 0.0261263 0.026708 0.0270612 0.0271899 0.0285346 0.0286918 0.0288272 0.029224 0.0295132 0.0322064 0.0352385 0.0366376 0.0370977 0.0404203 0.0412907 0.0463613 0.0468431 0.0490775 0.0490775 0.0490775 0.0534006 0.0552752 0.0552752 0.0552754 0.0579993 0.0589329 0.0616958 0.063062 0.0655815 0.0681611 0.0700134 0.070115 0.0733222 0.0739805 0.0752182 0.0797207 0.081354 0.0835276 0.0838457 0.0908768 0.0935516 0.0936304 0.107298 0.109768 0.10985 0.120398 0.123143 0.123979 0.137985 0.138139 0.138333 0.138361 0.138746 0.142547 0.144195 0.145437 0.150067 0.156767 0.157509 0.160094 0.161461 0.162878 0.164459 0.16535 0.169027 0.169203 0.169883 0.17053 0.172067 0.174048 0.174085 0.174135 0.175794 0.177675 0.18031 0.180586 0.182822 0.184124 0.184124 0.184691 0.185062 0.185444 0.18585 0.186133 0.186187 0.19005 0.190469 0.190565 0.191669 0.196714 0.19702 0.197382 0.19847 0.203891 0.204962 0.204963 0.208261 0.208523 0.215549 0.223484 0.225114 0.229844 0.231539 0.235965 0.236216 0.241343 0.241391 0.241891 0.243175 0.243489 0.243542 0.247809 0.25753 0.257922 0.258204 0.258204 0.259082 0.262191 0.263069 0.267423 0.272939 0.273155 0.27459 0.277478 0.280349 0.280558 0.284543 0.286013 0.28743 0.294248 0.305448 0.308598 0.30997 0.310916 0.316528 0.317951 0.321375 0.322645 0.323216 0.323216 0.326182 0.326624 0.329565 0.336047 0.34016 0.345872 0.351785 0.353266 0.355622 0.36122 0.366385 0.367422 0.376181 0.383734 0.386816 0.390144 0.390818 0.391335 0.40012 0.401161 0.410582 0.416711 0.41976 0.420789 0.426381 0.427457 0.431085 0.436465 0.436472 0.440796 0.441944 0.451628 0.454037 0.457761 0.459123 0.459828 0.460091 0.468952 0.471978 0.473885 0.475455 0.48238 0.485868 0.486478 0.488228 0.488576 0.493842 0.494498 0.494786 0.500124 0.501311 0.508881 0.510945 0.516355 0.516546 0.517772 0.519173 0.529485 0.530536 0.53954 0.557945 0.56321 0.564714 0.565638 0.568269 0.579531 0.580674 0.581489 0.5855 0.586355 0.586864 0.587658 0.587689 0.588164 0.590054 0.592337 0.599157 0.603925 0.607837 0.611101 0.612095 0.613643 0.616586 0.621727 0.621985 0.622565 0.628477 0.632452 0.633085 0.63792 0.640537 0.643303 0.643678 0.64635 0.652729 0.656382 0.656382 0.656383 0.656627 0.661827 0.664512 0.664856 0.669339 0.676487 0.678913 0.683043 0.686424 0.686525 0.690797 0.696481 0.698343 0.709402 0.715138 0.718256 0.71855 0.722987 0.72547 0.726242 0.73011 0.734087 0.737581 0.739345 0.740769 0.741056 0.741503 0.742224 0.745682 0.749143 0.751379 0.754109 0.764473 0.771407 0.775672 0.775781 0.778198 0.780055 0.780164 0.780472 0.781837 0.78404 0.795761 0.796811 0.803398 0.807328 0.810747 0.821518 0.82509 0.829491 0.830966 0.832084 0.83455 0.836405 0.848121 0.848565 0.852024 0.866361 0.868702 0.87382 0.875794 0.875906 0.876071 0.8767 0.877794 0.877979 0.878999 0.881183 0.881613 0.886408 0.887839 0.887954 0.889821 0.891436 0.892143 0.895484 0.896478 0.898601 0.899741 0.905605 0.906155 0.91004 0.912641 0.914632 0.920859 0.923099 0.927536 0.928895 0.930639 0.930918 0.933145 0.933662 0.939442 0.93948 0.942731 0.948548 0.950799 0.951513 0.951554 0.959552 0.960119 0.960928 0.961528 0.961768 0.963677 0.965969 0.967568 0.973135 0.975079 0.976091 0.977744 0.979352 0.984409 0.984548 0.987721 0.988023 0.990118 0.990946 0.991259 0.993603 0.995021 0.996798 0.997006 0.997376 0.997452 0.998353 0.999722 0.999773 0.999965 0.999998 0.999998 1 1 
5, 0.112839, 501, 302
0 0 0 0 0 0 0 0 0 0 0 0 0 0 0 0 0 0 0 0 0 0 0 0 0 0 0 0 0 0 0 0 0 5.96046e-08 5.96046e-08 2.38419e-07 2.98023e-07 2.98023e-07 1.3113e-06 4.29153e-06 5.90086e-06 1.03712e-05 1.26362e-05 1.29938e-05 1.72257e-05 1.93715e-05 1.95503e-05 2.40207e-05 4.47035e-05 4.72068e-05 5.57303e-05 6.71744e-05 6.71744e-05 9.50694e-05 0.000151987 0.000173092 0.000217497 0.000222503 0.000265528 0.000268161 0.000369516 0.00037223 0.000420543 0.000420988 0.000435022 0.000549686 0.000553424 0.000824928 0.000960352 0.000985742 0.000985742 0.00106567 0.00115532 0.00144315 0.00156591 0.00161072 0.00192487 0.00197464 0.00201663 0.00201663 0.00217082 0.00217139 0.00269991 0.00324787 0.00402188 0.00404853 0.00458187 0.00459588 0.00460933 0.00463891 0.00511593 0.00511914 0.00590181 0.00590181 0.00646418 0.00649506 0.00681573 0.00681573 0.00681573 0.00765949 0.00787216 0.00818068 0.00832632 0.0085328 0.00862181 0.00862181 0.00977689 0.0102538 0.0107592 0.0117837 0.011928 0.0128413 0.0140688 0.0140704 0.0155348 0.0170252 0.0195592 0.0199666 0.0219476 0.0221162 0.0232571 0.0239381 0.0241387 0.0245271 0.0247279 0.0251807 0.0259222 0.0260167 0.026134 0.0265393 0.0270588 0.0281139 0.0284184 0.0284921 0.0286868 0.0293365 0.0298787 0.0299659 0.0321476 0.0355109 0.0368493 0.0378913 0.0410162 0.0412895 0.0461975 0.0464827 0.0487052 0.0487052 0.0487052 0.0530087 0.0548377 0.0548377 0.0548379 0.0575314 0.0584971 0.0612158 0.0628458 0.0647197 0.0655407 0.0667571 0.0700311 0.0726432 0.0750823 0.0754753 0.0798 0.081662 0.0827555 0.083094 0.0904729 0.0940222 0.0968116 0.107239 0.110663 0.112336 0.118282 0.123922 0.125911 0.136365 0.136806 0.138297 0.138361 0.142523 0.144178 0.14712 0.147559 0.150006 0.156688 0.157403 0.160001 0.161388 0.162413 0.163213 0.165158 0.169168 0.170366 0.170443 0.17236 0.172568 0.173822 0.174727 0.175432 0.176091 0.177223 0.179841 0.180135 0.183485 0.183665 0.183665 0.184364 0.184927 0.185355 0.1854 0.185728 0.189884 0.189915 0.190483 0.191114 0.191644 0.196194 0.196764 0.197249 0.197708 0.203871 0.204962 0.204963 0.207531 0.208197 0.215406 0.223326 0.226194 0.231371 0.231483 0.235641 0.236115 0.240733 0.240827 0.241233 0.242381 0.242986 0.243355 0.247607 0.256989 0.257262 0.257262 0.257469 0.25903 0.26171 0.262629 0.267333 0.272828 0.273085 0.274503 0.277403 0.28018 0.280222 0.280366 0.283585 0.286937 0.293046 0.304726 0.30861 0.30945 0.309663 0.309894 0.316301 0.317876 0.320252 0.323216 0.323216 0.325727 0.325965 0.329469 0.333285 0.340027 0.345512 0.351583 0.353192 0.356952 0.361175 0.365718 0.36716 0.376012 0.377512 0.386772 0.390283 0.390693 0.391219 0.400073 0.400562 0.409701 0.416336 0.419704 0.420745 0.42673 0.427087 0.430381 0.435636 0.435641 0.439999 0.441746 0.446353 0.453618 0.457182 0.459493 0.460468 0.461008 0.467777 0.471785 0.473013 0.475279 0.482362 0.485708 0.486862 0.490892 0.493595 0.494285 0.494608 0.498857 0.50001 0.501311 0.508635 0.510671 0.516086 0.516434 0.517914 0.519164 0.529437 0.530325 0.539492 0.557598 0.563092 0.564716 0.565423 0.568112 0.580005 0.580821 0.585322 0.585694 0.586204 0.586728 0.586999 0.58703 0.587506 0.589398 0.591684 0.598688 0.603757 0.607782 0.610807 0.611654 0.612479 0.616204 0.621685 0.621735 0.622039 0.626374 0.631313 0.631588 0.637298 0.640111 0.64235 0.643136 0.646312 0.652451 0.654344 0.654344 0.654344 0.656462 0.657841 0.663286 0.664595 0.66912 0.676135 0.67684 0.682665 0.684583 0.686537 0.689775 0.696388 0.698021 0.709242 0.715066 0.717891 0.718356 0.724509 0.725181 0.725305 0.733852 0.73493 0.737227 0.739234 0.740746 0.740914 0.742963 0.744286 0.74568 0.747328 0.750884 0.754019 0.764332 0.771238 0.775579 0.775673 0.77809 0.780028 0.780979 0.781403 0.781693 0.784044 0.795768 0.796474 0.802723 0.806512 0.810651 0.821452 0.823916 0.825001 0.829315 0.83192 0.835951 0.844104 0.847899 0.848436 0.850104 0.86616 0.868555 0.873304 0.87528 0.875599 0.875707 0.87571 0.877386 0.877867 0.877868 0.880693 0.881408 0.886314 0.886961 0.887844 0.889556 0.891431 0.891786 0.895304 0.895993 0.896396 0.899694 0.905523 0.906081 0.909417 0.912555 0.913805 0.923024 0.927457 0.928828 0.930636 0.930646 0.932745 0.933084 0.939543 0.939842 0.942697 0.948358 0.950736 0.951305 0.951347 0.9591 0.960105 0.960692 0.96119 0.961529 0.963625 0.965364 0.967522 0.972697 0.975 0.976066 0.976972 0.978813 0.979333 0.984666 0.984947 0.985119 0.987687 0.990131 0.990873 0.991195 0.993609 0.994971 0.996771 0.996941 0.997363 0.997403 0.998407 0.999719 0.999769 0.999965 0.999998 0.999998 1 1 
